{
  "_fv": 28,
  "_type": "villagertrade",
  "definition": {
    "tradeEntries": [
      {
        "villagerProfession": {
          "value": "LIBRARIAN"
        },
        "entries": [
          {
            "price1": {
              "value": "CUSTOM:UnpolishedRuby"
            },
            "countPrice1": 1,
            "price2": {
              "value": ""
            },
            "countPrice2": 1,
            "offer": {
              "value": "CUSTOM:PolishedRuby"
            },
            "countOffer": 1,
            "level": 3,
            "maxTrades": 8,
            "xp": 30,
            "priceMultiplier": 0.019999999999999997
          }
        ]
      }
    ]
  }
}